tconst,year,budget
tt0099088,1990,40000000
tt0099165,1990,47000000
tt0099348,1990,22000000
tt0099422,1990,47000000
tt0099423,1990,70000000
tt0099587,1991,35000000
tt0099611,1990,2500000
tt0099653,1990,22000000
tt0099674,1990,54000000
tt0099747,1990,40000000
tt0099785,1990,18000000
tt0099810,1990,30000000
tt0099938,1990,15000000
tt0100029,1990,6000000
tt0100142,1990,230000
tt0100332,1990,500000
tt0100405,1990,14000000
tt0100758,1990,13500000
tt0100802,1990,65000000
tt0101272,1991,30000000
tt0101356,1991,17000000
tt0101414,1991,25000000
tt0101453,1991,48000000
tt0101507,1991,6500000
tt0101587,1991,27000000
tt0101588,1991,3000000
tt0101615,1991,6000000
tt0101701,1991,18000000
tt0101786,1991,17000000
tt0101831,1991,13000000
tt0101902,1991,40000000
tt0101917,1991,11000000
tt0102005,1991,23000000
tt0102032,1992,300000
tt0102057,1991,70000000
tt0102059,1991,26000000
tt0102065,1991,5000000
tt0102070,1991,65000000
tt0102175,1991,14000000
tt0102303,1991,13000000
tt0102307,1992,5000000
tt0102370,1991,4500000
tt0102395,1991,13000000
tt0102411,1991,26000000
tt0102492,1991,17000000
tt0102510,1991,23000000
tt0102526,1991,8000000
tt0102558,1991,40000000
tt0102614,1991,14000000
tt0102753,1991,7500000
tt0102782,1991,11000000
tt0102798,1991,48000000
tt0102803,1991,35000000
tt0102818,1991,16000000
tt0102849,1991,3000000
tt0102898,1991,1400000
tt0102926,1991,19000000
tt0102943,1990,23000
tt0102945,1991,19000000
tt0103007,1991,22000000
tt0103060,1991,25000000
tt0103064,1991,102000000
tt0103074,1991,16500000
tt0103128,1991,15000000
tt0103247,1991,14000000
tt0103594,1992,47000000
tt0103639,1992,28000000
tt0103644,1992,50000000
tt0103772,1992,49000000
tt0103776,1992,80000000
tt0103859,1992,42000000
tt0103874,1992,40000000
tt0103962,1992,40000000
tt0104070,1992,55000000
tt0104231,1992,60000000
tt0104257,1992,41000000
tt0104438,1992,25000000
tt0104691,1992,40000000
tt0104692,1992,10000000
tt0104694,1992,40000000
tt0104714,1992,35000000
tt0104839,1992,40000000
tt0104868,1992,10000000
tt0104940,1992,12000000
tt0104990,1992,15000000
tt0105112,1992,45000000
tt0105121,1991,6000000
tt0105130,1992,5000000
tt0105226,1993,8000000
tt0105236,1992,1200000
tt0105378,1991,14000000
tt0105399,1992,10000000
tt0105526,1991,19000000
tt0105793,1992,20000000
tt0106226,1993,34000000
tt0106264,1993,1000000
tt0106379,1994,40000000
tt0106453,1992,30000000
tt0106519,1993,30000000
tt0106582,1993,70000000
tt0106611,1993,14000000
tt0106941,1993,30000000
tt0106950,1992,8000000
tt0107004,1993,35000000
tt0107096,1993,33000000
tt0107151,1993,40000000
tt0107156,1993,1000000
tt0107206,1993,40000000
tt0107290,1993,63000000
tt0107362,1993,85000000
tt0107614,1993,25000000
tt0107616,1993,11000000
tt0107719,1993,19000000
tt0107818,1993,26000000
tt0107978,1993,22000000
tt0108052,1993,22000000
tt0108101,1993,22000000
tt0108148,1993,11000000
tt0108160,1993,21000000
tt0108255,1993,48000000
tt0108308,1993,21000000
tt0108327,1993,14000000
tt0108525,1993,40000000
tt0109040,1994,15000000
tt0109190,1994,48000000
tt0109254,1994,50000000
tt0109370,1995,11000000
tt0109444,1994,62000000
tt0109445,1994,27000
tt0109456,1994,40000000
tt0109579,1994,12000000
tt0109635,1994,55000000
tt0109676,1994,45000000
tt0109686,1994,17000000
tt0109707,1994,18000000
tt0109813,1994,46000000
tt0109830,1994,55000000
tt0109831,1994,4400000
tt0109836,1994,45000000
tt0110005,1994,5000000
tt0110074,1994,40000000
tt0110097,1994,40000000
tt0110099,1994,25000000
tt0110148,1994,60000000
tt0110197,1994,30000000
tt0110216,1994,60000000
tt0110265,1993,1500000
tt0110357,1994,45000000
tt0110367,1994,18000000
tt0110391,1994,60000000
tt0110475,1994,23000000
tt0110598,1994,9000000
tt0110622,1994,30000000
tt0110632,1994,34000000
tt0110687,1994,40000000
tt0110725,1994,50000000
tt0110912,1994,8000000
tt0110944,1994,20000000
tt0110989,1994,40000000
tt0111070,1994,22000000
tt0111127,1994,13000000
tt0111149,1994,2500000
tt0111161,1994,25000000
tt0111187,1994,30000000
tt0111252,1994,200000
tt0111255,1994,45000000
tt0111257,1994,30000000
tt0111280,1994,35000000
tt0111301,1994,35000000
tt0111359,1995,32000000
tt0111400,1994,50000000
tt0111503,1994,115000000
tt0111512,1994,10000000
tt0111756,1994,63000000
tt0112389,1993,25000000
tt0112401,1995,50000000
tt0112427,1995,4000000
tt0112442,1995,19000000
tt0112462,1995,100000000
tt0112471,1995,2500000
tt0112508,1995,10000000
tt0112573,1995,72000000
tt0112579,1995,24000000
tt0112585,1995,238000
tt0112682,1995,18000000
tt0112760,1995,98000000
tt0112864,1995,90000000
tt0112883,1994,25000000
tt0113010,1995,50000000
tt0113118,1995,3500000
tt0113326,1995,7500000
tt0113409,1994,8000000
tt0113481,1995,26000000
tt0113492,1995,90000000
tt0113497,1995,65000000
tt0113540,1995,1500000
tt0113758,1996,100000
tt0113987,1995,44000000
tt0114113,1995,11000000
tt0114214,1995,32000000
tt0114272,1995,19000000
tt0114319,1995,58000000
tt0114345,1995,46000000
tt0114369,1995,33000000
tt0114371,1995,4000000
tt0114436,1995,45000000
tt0114536,1995,35000000
tt0114558,1995,42000000
tt0114614,1995,25000000
tt0114814,1995,6000000
tt0114898,1995,175000000
tt0114924,1995,17000000
tt0114928,1995,7000000
tt0114938,1995,30000000
tt0115495,1996,6000000
tt0115641,1996,12000000
tt0115734,1996,7000000
tt0115798,1996,47000000
tt0115927,1997,6000000
tt0115994,1996,2300000
tt0116209,1996,27000000
tt0116213,1996,100000000
tt0116250,1996,55000000
tt0116282,1996,7000000
tt0116361,1996,3000000
tt0116367,1996,19000000
tt0116477,1996,18000000
tt0116483,1996,12000000
tt0116493,1996,12000000
tt0116583,1996,100000000
tt0116629,1996,75000000
tt0116654,1996,40000000
tt0116669,1996,45000000
tt0116695,1996,50000000
tt0116705,1996,60000000
tt0116743,1996,3000000
tt0116830,1996,67000000
tt0116908,1996,65000000
tt0117008,1996,36000000
tt0117039,1996,25000000
tt0117060,1996,80000000
tt0117218,1996,54000000
tt0117500,1996,75000000
tt0117571,1996,14000000
tt0117589,1996,4500000
tt0117603,1996,9000000
tt0117666,1996,1000000
tt0117723,1996,18000000
tt0117791,1996,16000000
tt0117802,1996,200000
tt0117998,1996,92000000
tt0118073,1996,12000000
tt0118111,1996,4000000
tt0118163,1996,1300000
tt0118564,1997,6000000
tt0118571,1997,85000000
tt0118583,1997,75000000
tt0118589,2001,22000000
tt0118604,1997,25000000
tt0118607,1997,36000000
tt0118655,1997,16500000
tt0118661,1998,60000000
tt0118662,1997,1000000
tt0118665,1999,12000000
tt0118688,1997,125000000
tt0118689,1997,18000000
tt0118691,1997,16000000
tt0118749,1997,15000000
tt0118771,1997,36000000
tt0118880,1997,75000000
tt0118884,1997,90000000
tt0118887,1997,15000000
tt0118901,1997,12000000
tt0118928,1997,116000000
tt0118954,1997,20000000
tt0118972,1997,90000000
tt0119019,1997,1000000
tt0119062,1997,5000000
tt0119079,1999,14000000
tt0119094,1997,80000000
tt0119142,1997,35000000
tt0119164,1997,3500000
tt0119190,1997,55000000
tt0119219,1998,20000000
tt0119282,1997,85000000
tt0119303,1997,32000000
tt0119304,1998,35000000
tt0119324,1997,1500000
tt0119336,1998,15000000
tt0119338,1997,500000
tt0119346,1997,250000
tt0119360,1997,35000000
tt0119395,1997,60000000
tt0119396,1997,12000000
tt0119468,1997,27000000
tt0119485,1997,28000000
tt0119502,1997,4000000
tt0119506,1997,8000000
tt0119509,1997,15000000
tt0119558,1997,62000000
tt0119560,1998,5000000
tt0119567,1997,73000000
tt0119592,1997,50000000
tt0119594,1998,37000000
tt0119643,1998,90000000
tt0119654,1997,90000000
tt0119668,1997,35000000
tt0119675,1997,30000000
tt0119715,1997,38000000
tt0119718,1997,30000000
tt0119738,1997,38000000
tt0119792,1997,9000000
tt0119802,1998,11000000
tt0119807,1997,25000000
tt0119822,1997,50000000
tt0119874,1997,50000000
tt0119925,1997,80000000
tt0119934,1998,25000000
tt0119937,1997,8000000
tt0119942,1998,65000000
tt0119951,1997,28000000
tt0120070,1998,10000000
tt0120082,1997,24000000
tt0120148,1998,6000000
tt0120157,1998,60000000
tt0120169,1997,7500000
tt0120177,1997,40000000
tt0120179,1997,160000000
tt0120184,1998,80000000
tt0120188,1999,75000000
tt0120201,1997,105000000
tt0120207,1997,16000000
tt0120241,1997,5000000
tt0120303,1997,4000000
tt0120324,1998,30000000
tt0120338,1997,200000000
tt0120363,1999,90000000
tt0120390,1997,55000000
tt0120394,1997,3300000
tt0120458,1999,75000000
tt0120461,1997,90000000
tt0120483,1997,20000000
tt0120484,1998,23000000
tt0120490,1997,9000000
tt0120510,1998,6000000
tt0120586,1998,20000000
tt0120587,1998,105000000
tt0120591,1998,140000000
tt0120595,1998,90000000
tt0120596,1999,51000000
tt0120601,1999,13000000
tt0120603,1998,80000000
tt0120616,1999,80000000
tt0120618,1999,12000000
tt0120620,1999,25000000
tt0120623,1998,120000000
tt0120630,2000,45000000
tt0120631,1998,26000000
tt0120633,1998,75000000
tt0120646,1999,38000000
tt0120655,1999,10000000
tt0120657,1999,160000000
tt0120660,1998,90000000
tt0120662,1999,35000000
tt0120663,1999,65000000
tt0120667,2005,100000000
tt0120669,1998,18500000
tt0120670,1998,19000000
tt0120679,2002,12000000
tt0120681,2001,35000000
tt0120683,1999,30000000
tt0120684,1998,10000000
tt0120685,1998,130000000
tt0120686,1998,50000000
tt0120689,1999,60000000
tt0120694,1998,17000000
tt0120696,1998,70000000
tt0120701,1998,60000000
tt0120703,1998,20000000
tt0120710,1999,30000000
tt0120716,1999,45000000
tt0120722,1998,20000000
tt0120737,2001,93000000
tt0120738,1998,80000000
tt0120741,1998,10000000
tt0120746,1998,95000000
tt0120751,1998,90000000
tt0120755,2000,125000000
tt0120757,1999,50000000
tt0120764,1999,65000000
tt0120784,1999,90000000
tt0120789,1998,60000000
tt0120791,1998,75000000
tt0120794,1998,70000000
tt0120797,1999,33000000
tt0120802,1998,18000000
tt0120804,2002,33000000
tt0120812,1998,33000000
tt0120813,1998,1000000
tt0120815,1998,70000000
tt0120824,2001,38000000
tt0120832,1998,73000000
tt0120834,1999,35000000
tt0120836,1999,30000000
tt0120844,1998,58000000
tt0120855,1999,130000000
tt0120857,1999,12000000
tt0120863,1998,52000000
tt0120877,1998,20000000
tt0120878,1998,4000000
tt0120888,1998,18000000
tt0120889,1998,85000000
tt0120891,1999,170000000
tt0120903,2000,75000000
tt0120907,1999,15000000
tt0120910,1999,80000000
tt0120912,2002,140000000
tt0120913,2000,75000000
tt0120915,1999,115000000
tt0120917,2000,100000000
tt0121765,2002,115000000
tt0121766,2005,113000000
tt0122151,1998,140000000
tt0122459,2000,24000000
tt0122933,1999,80000000
tt0123209,1999,35000000
tt0123221,1998,12000000
tt0123964,1999,80000000
tt0124198,1998,30000000
tt0124298,1999,35000000
tt0124315,1999,24000000
tt0125022,2001,35000000
tt0125439,1999,42000000
tt0125454,1998,23000000
tt0125664,1999,82000000
tt0125971,1999,7000000
tt0126029,2001,60000000
tt0126250,1999,10000000
tt0126886,1999,25000000
tt0126916,1999,80000000
tt0127536,1998,30000000
tt0128214,1997,300000
tt0128239,1999,30000000
tt0128278,1999,80000000
tt0128445,1998,9000000
tt0128853,1998,65000000
tt0129136,1998,6000000
tt0129167,1999,70000000
tt0129280,1999,75000000
tt0129290,1998,90000000
tt0129332,1999,12000000
tt0129387,1998,23000000
tt0130018,1998,65000000
tt0130121,1999,75000000
tt0130623,2000,127500000
tt0131325,1999,55000000
tt0131369,1999,80000000
tt0131646,1999,30000000
tt0131704,2000,76000000
tt0132245,2001,94000000
tt0132347,1999,68000000
tt0132477,1999,25000000
tt0132512,1999,60000000
tt0133046,1999,13000000
tt0133093,1999,63000000
tt0133152,2001,100000000
tt0133240,2002,140000000
tt0133412,1999,7000000
tt0133751,1998,15000000
tt0133952,1998,70000000
tt0134067,1998,24000000
tt0134084,2000,40000000
tt0134119,1999,40000000
tt0134154,1999,38000000
tt0134273,1999,40000000
tt0134618,1999,28000000
tt0134630,2000,21000000
tt0134847,2000,23000000
tt0134983,2000,90000000
tt0136244,1998,12000000
tt0137338,1999,6000000
tt0137363,1999,31000000
tt0137494,1999,66000000
tt0137523,1999,63000000
tt0138097,1998,25000000
tt0138304,1999,75000000
tt0138510,1999,25000000
tt0138749,2000,95000000
tt0138862,1998,3500000
tt0138946,2000,24000000
tt0139134,1999,10500000
tt0139239,1999,20000000
tt0139414,1999,35000000
tt0139462,1999,80000000
tt0139668,1999,55000000
tt0139699,1999,16000000
tt0139809,1999,16000000
tt0140352,1999,90000000
tt0140379,1999,11000000
tt0140688,1998,1000000
tt0141098,1999,75000000
tt0141109,1998,85000000
tt0141369,1999,90000000
tt0141399,2000,44000000
tt0141907,2001,90000000
tt0141926,2000,62000000
tt0142192,1999,25000000
tt0142342,1999,34200000
tt0142688,1999,38000000
tt0143145,1999,135000000
tt0143746,1999,21000000
tt0144084,2000,7000000
tt0144117,1999,6000000
tt0144120,1998,25000000
tt0144142,2000,3000000
tt0144214,1999,95000000
tt0144528,2000,84000000
tt0144640,1999,20000000
tt0144814,1999,21000000
tt0144964,2000,25000000
tt0145487,2002,139000000
tt0145531,1999,29000000
tt0145653,1999,50000000
tt0145660,1999,33000000
tt0145681,1999,73000000
tt0145734,1998,20000000
tt0145893,1999,6000000
tt0146309,2000,80000000
tt0146316,2001,115000000
tt0146336,1998,14000000
tt0146675,1999,100000000
tt0146838,1999,55000000
tt0146882,2000,30000000
tt0146984,2000,80000000
tt0147800,1999,30000000
tt0149261,1999,60000000
tt0149367,2000,28000000
tt0149624,2000,57000000
tt0149691,1999,23000000
tt0150216,1999,36000000
tt0150377,1999,70000000
tt0151137,1999,85000000
tt0151738,1999,25000000
tt0151804,1999,10000000
tt0154506,1998,6000
tt0155267,1999,48000000
tt0155753,1998,30000000
tt0155776,1999,3500000
tt0155975,1998,60000000
tt0156096,1999,2000000
tt0156323,2000,10000000
tt0156812,2000,6000000
tt0156841,2000,25000000
tt0156934,1999,64000000
tt0157472,2002,26000000
tt0157503,1999,15000000
tt0158583,1999,800000
tt0158622,2000,83000000
tt0158811,1999,24000000
tt0158983,1999,21000000
tt0159097,1999,9000000
tt0159273,2001,40000000
tt0159365,2003,79000000
tt0159421,1999,26000000
tt0160009,2000,60000000
tt0160127,2000,93000000
tt0160184,2002,55000000
tt0160236,1999,70000000
tt0160399,2001,30000000
tt0160429,1999,25000000
tt0160484,2000,50000000
tt0160797,2000,60000000
tt0160862,1999,10000000
tt0160916,1999,50000000
tt0161081,2000,100000000
tt0161083,2001,60000000
tt0161100,1999,6000000
tt0162222,2000,90000000
tt0162346,2001,7000000
tt0162360,1999,2500000
tt0162650,2000,46000000
tt0162661,1999,100000000
tt0162677,1999,22000000
tt0162983,2000,60000000
tt0163025,2001,93000000
tt0163187,1999,70000000
tt0163579,1999,70000000
tt0163651,1999,11000000
tt0163676,2000,24000000
tt0163978,2000,50000000
tt0163983,2000,65000000
tt0163988,1999,55000000
tt0164052,2000,95000000
tt0164085,1999,10000000
tt0164108,1999,15000000
tt0164114,1999,8500000
tt0164181,1999,12000000
tt0164184,2002,68000000
tt0164212,2000,25000000
tt0164334,2001,60000000
tt0164912,1999,133000000
tt0165494,1998,20000000
tt0165643,1999,12000000
tt0165710,1999,34000000
tt0165854,1999,10000000
tt0165929,2000,25000000
tt0165982,2003,60000000
tt0166110,2001,16000000
tt0166252,1999,20000000
tt0166276,2001,75000000
tt0166485,1999,92000000
tt0166813,2002,80000000
tt0166943,1999,27000000
tt0167190,2004,66000000
tt0167203,2000,50000000
tt0167260,2003,94000000
tt0167261,2002,94000000
tt0167404,1999,40000000
tt0167427,1999,34000000
tt0167456,2004,57000000
tt0168501,1999,9000000
tt0168786,2002,12500000
tt0169547,1999,15000000
tt0170016,2000,123000000
tt0171356,2000,14000000
tt0171363,1999,80000000
tt0171433,2000,29000000
tt0171580,2000,35000000
tt0171804,1999,2000000
tt0172156,2003,130000000
tt0172396,1999,23000000
tt0172493,1999,40000000
tt0172495,2000,103000000
tt0172726,1999,13000000
tt0173840,2001,137000000
tt0174336,2000,3000000
tt0174480,2000,65000000
tt0174856,1999,50000000
tt0175142,2000,19000000
tt0175880,1999,37000000
tt0176269,1999,45000000
tt0176783,2000,24000000
tt0177650,2000,16000000
tt0177789,1999,45000000
tt0177971,2000,140000000
tt0179098,2002,21000000
tt0179626,2001,60000000
tt0180052,2002,100000000
tt0180734,2001,32000000
tt0181151,2000,60000000
tt0181316,1999,65000000
tt0181689,2002,102000000
tt0181852,2003,200000000
tt0181875,2000,60000000
tt0181984,2000,7000000
tt0182000,2001,13500000
tt0182295,2000,13000000
tt0182789,1999,100000000
tt0183505,2000,51000000
tt0183523,2000,100000000
tt0183649,2002,13000000
tt0183790,2001,65000000
tt0184858,2000,42000000
tt0184894,2000,55000000
tt0184907,2000,13000000
tt0185014,2000,55000000
tt0185183,2000,73000000
tt0185371,1999,37000000
tt0185431,2000,85000000
tt0185937,1999,60000
tt0186045,2000,37000000
tt0186151,2000,31000000
tt0186253,1999,2500000
tt0186566,2000,65000000
tt0186589,2001,27000000
tt0186894,2000,35000000
tt0186975,2000,11000000
tt0187078,2000,90000000
tt0187393,2000,110000000
tt0187738,2002,54000000
tt0188160,2000,18000000
tt0188640,1999,13000000
tt0189192,2001,35000000
tt0189584,1999,7000000
tt0190138,2000,41300000
tt0190332,2000,17000000
tt0190374,2000,45000000
tt0190641,1998,30000000
tt0190865,2000,75000000
tt0191133,2003,30000000
tt0191397,2000,50000000
tt0191754,2000,43000000
tt0192071,2001,22000000
tt0192111,2001,14000000
tt0192255,2000,35000000
tt0192614,2000,35000000
tt0192731,2000,14000000
tt0193560,2001,38000000
tt0194218,2000,1000000
tt0195234,2000,10000000
tt0195685,2000,52000000
tt0195714,2000,23000000
tt0195778,2000,15000000
tt0195945,2000,11000000
tt0196216,2000,25000000
tt0196229,2001,28000000
tt0196857,1999,24000000
tt0198021,2000,15000000
tt0198386,2000,38000000
tt0198781,2001,115000000
tt0199290,2000,3400000
tt0199725,2000,20000000
tt0199753,2000,80000000
tt0200469,1999,5250000
tt0200550,2000,45000000
tt0202402,2000,32000000
tt0202470,2001,57000000
tt0202677,2000,8500000
tt0203009,2001,50000000
tt0203019,2000,32000000
tt0203408,1999,8000000
tt0203755,2001,18000000
tt0204175,2000,35000000
tt0204313,2004,80000000
tt0204626,2000,30000000
tt0204946,2000,11000000
tt0205000,1999,17000000
tt0205271,2000,23000000
tt0206314,2001,23000000
tt0206420,2000,8000000
tt0206634,2006,76000000
tt0206963,2001,5250000
tt0207201,2000,70000000
tt0208003,2000,30000000
tt0208874,2000,20000000
tt0208988,2000,63600000
tt0209144,2000,9000000
tt0209163,2001,98000000
tt0209475,2001,35000000
tt0209958,2000,33000000
tt0210234,1999,30000000
tt0210567,2000,14000000
tt0210616,2000,29000000
tt0210945,2000,30000000
tt0211181,2000,85000000
tt0211443,2001,11000000
tt0211915,2001,10000000
tt0211933,2007,8600000
tt0211938,2000,51000000
tt0212338,2000,55000000
tt0212346,2000,45000000
tt0212712,2004,12000000
tt0212720,2001,100000000
tt0212985,2001,87000000
tt0213149,2001,140000000
tt0213203,2000,30000000
tt0213790,2000,24000000
tt0215129,2000,16000000
tt0215750,2001,68000000
tt0216216,2000,82000000
tt0216772,2000,13000000
tt0217505,2002,100000000
tt0217630,2000,20000000
tt0217756,2000,24000000
tt0217869,2000,75000000
tt0218182,2000,14000000
tt0218619,2001,17000000
tt0218839,2000,10000000
tt0218922,2001,42000000
tt0218967,2000,60000000
tt0219653,2000,54000000
tt0219854,2000,65000000
tt0219952,2000,63000000
tt0219965,2001,75000000
tt0220099,2000,30000000
tt0220100,2000,5000000
tt0220506,2002,13000000
tt0221027,2001,53000000
tt0221074,2001,3000000
tt0221218,2001,30000000
tt0223897,2000,40000000
tt0225071,2001,53000000
tt0227445,2001,68000000
tt0227538,2001,35000000
tt0227984,2001,27000000
tt0228333,2001,28000000
tt0228750,2000,65000000
tt0228786,2000,14000000
tt0229260,2000,15000000
tt0230011,2001,120000000
tt0230030,2000,48000000
tt0230600,2001,17000000
tt0231775,2001,49000000
tt0232500,2001,38000000
tt0233142,2001,62000000
tt0233469,2002,85000000
tt0234215,2003,150000000
tt0234354,2001,8000000
tt0234829,2001,34000000
tt0235679,2000,16000000
tt0236348,2001,39000000
tt0236388,2000,13000000
tt0236493,2001,57000000
tt0236784,2001,21000000
tt0237534,2001,29000000
tt0237572,2001,35000000
tt0238112,2001,57000000
tt0238546,2002,35000000
tt0239395,2001,60000000
tt0239948,2001,22000000
tt0239949,2001,25000000
tt0240462,2001,70000000
tt0240468,2002,10000000
tt0240510,2002,35000000
tt0240515,2001,14000000
tt0240772,2001,85000000
tt0240900,2002,14000000
tt0241025,2004,23000000
tt0241303,2000,25000000
tt0241527,2001,125000000
tt0241760,2002,13000000
tt0242423,2000,13000000
tt0242445,2001,50000000
tt0242653,2003,150000000
tt0242998,2001,29000000
tt0243155,2001,25000000
tt0243415,2000,600000
tt0243585,2002,120000000
tt0243862,2000,1000000
tt0244244,2001,102000000
tt0244970,2001,23000000
tt0245120,2001,15000000
tt0245350,2001,8000000
tt0245407,2001,6000000
tt0245562,2002,115000000
tt0245674,2001,42000000
tt0245686,2001,17700000
tt0245803,2003,52000000
tt0245844,2002,35000000
tt0246002,2001,7000000
tt0246460,2002,142000000
tt0246464,2002,40000000
tt0246544,2001,40000000
tt0246578,2001,6000000
tt0246894,2002,70000000
tt0246989,2001,11000000
tt0247199,2001,1500000
tt0247425,2001,1700000
tt0247638,2001,26000000
tt0247745,2001,3000000
tt0248126,2001,7500000
tt0248667,2001,107000000
tt0249462,2000,5000000
tt0249478,2001,75000000
tt0250224,2001,13000000
tt0250274,2001,6000000
tt0250323,2001,3000000
tt0250494,2001,18000000
tt0250720,2001,35000000
tt0250797,2002,50000000
tt0251075,2001,80000000
tt0251114,2002,70000000
tt0251160,2002,36000000
tt0251736,2003,7000000
tt0252076,2002,55000000
tt0252223,2001,15000000
tt0252299,2001,15000000
tt0252501,2001,31000000
tt0252503,2001,39000000
tt0252866,2001,30000000
tt0253126,2001,10000000
tt0253474,2002,35000000
tt0253556,2002,60000000
tt0253754,2002,60000000
tt0253798,2001,24000000
tt0253867,2002,43000000
tt0255798,2001,47000000
tt0255819,2001,16000000
tt0256380,2001,40000000
tt0256415,2002,30000000
tt0256524,2001,33000000
tt0257044,2002,80000000
tt0257076,2003,80000000
tt0257106,2001,45000000
tt0257360,2002,30000000
tt0257516,2005,38000000
tt0257568,2003,60000000
tt0257756,2002,42000000
tt0258000,2002,48000000
tt0258038,2001,7000000
tt0258068,2002,30000000
tt0258463,2002,60000000
tt0258470,2001,13000000
tt0259288,2002,60000000
tt0259324,2007,110000000
tt0259446,2002,5000000
tt0259711,2001,68000000
tt0259974,2000,5000000
tt0260866,2001,50000000
tt0261289,2002,29000000
tt0261392,2001,22000000
tt0262396,2002,4000000
tt0262911,2001,2000000
tt0263265,2003,35000000
tt0263488,2001,10000000
tt0263728,2001,22000000
tt0263757,2003,20000000
tt0264464,2002,52000000
tt0264472,2002,45000000
tt0264616,2001,11000000
tt0264761,2001,1000000
tt0264796,2001,27000000
tt0264935,2002,50000000
tt0265029,2001,46000000
tt0265086,2001,92000000
tt0265087,2001,50000000
tt0265298,2002,15000000
tt0265349,2002,32000000
tt0265459,2002,12000000
tt0265632,2001,23000000
tt0265662,2002,22000000
tt0265666,2001,21000000
tt0266452,2002,50000000
tt0266465,2003,36000000
tt0266489,2003,40000000
tt0266543,2003,94000000
tt0266697,2003,30000000
tt0266747,2003,20000000
tt0266915,2001,90000000
tt0266987,2001,115000000
tt0267248,2002,25000000
tt0267626,2002,100000000
tt0267913,2002,84000000
tt0268126,2002,19000000
tt0268380,2002,59000000
tt0268397,2001,30000000
tt0268695,2002,80000000
tt0268978,2001,58000000
tt0268995,2001,72000000
tt0269095,2002,40000000
tt0269341,2001,13000000
tt0269347,2003,55000000
tt0270288,2002,30000000
tt0270980,2003,14000000
tt0271027,2001,25000000
tt0271367,2002,30000000
tt0272020,2001,72000000
tt0272152,2001,68000000
tt0272207,2002,6500000
tt0273435,2002,15500000
tt0273517,2002,10600000
tt0273799,2001,25000000
tt0274166,2003,40000000
tt0274558,2002,25000000
tt0275022,2002,12000000
tt0275491,2004,5000000
tt0275847,2002,80000000
tt0276033,2002,35000000
tt0276751,2002,30000000
tt0276919,2003,10000000
tt0277296,2002,60000000
tt0277371,2001,15000000
tt0277434,2002,75000000
tt0277895,2004,6000000
tt0278295,2002,15000000
tt0278435,2002,38000000
tt0278488,2001,20000000
tt0278504,2002,46000000
tt0278731,2002,10000000
tt0279111,2003,56000000
tt0279113,2002,8000000
tt0279286,2001,16000000
tt0279331,2002,15000000
tt0279721,2002,160000
tt0279778,2002,27000000
tt0279781,2002,12000000
tt0279889,2001,38000000
tt0280030,2002,20000000
tt0280380,2002,30000000
tt0280460,2002,10000000
tt0280477,2002,250000
tt0280486,2002,70000000
tt0280590,2002,50000000
tt0280707,2001,19800000
tt0280760,2002,9000000
tt0281322,2002,20000000
tt0281358,2002,11800000
tt0281373,2002,33000000
tt0281820,2002,30000000
tt0282120,2002,25000000
tt0282209,2003,11000000
tt0282687,2002,40000000
tt0283026,2002,10000000
tt0283111,2002,5000000
tt0283139,2002,16000000
tt0283426,2003,20000000
tt0283503,2007,8000000
tt0283530,2002,12500000
tt0283632,2002,17000000
tt0284490,2002,85000000
tt0285175,2005,9000000
tt0285462,2002,20000000
tt0285487,2002,1800000
tt0285531,2003,68000000
tt0285728,2002,250000
tt0285742,2001,4000000
tt0285823,2003,29000000
tt0285861,2003,10000000
tt0286106,2002,72000000
tt0286162,2002,1800000
tt0286261,2002,9000000
tt0286594,2002,10000000
tt0286716,2003,137000000
tt0286788,2003,25000000
tt0286947,2003,7000000
tt0287717,2002,38000000
tt0287978,2003,78000000
tt0288477,2002,20000000
tt0289043,2002,8000000
tt0289408,2002,11000000
tt0289635,2003,6400000
tt0289765,2002,78000000
tt0289848,2002,60000000
tt0289879,2004,13000000
tt0289992,2003,38000000
tt0290002,2004,80000000
tt0290095,2002,60000000
tt0290212,2002,2000000
tt0290249,2002,1000000
tt0290332,2001,7000000
tt0290334,2003,110000000
tt0291502,2002,10000000
tt0292610,2002,12000000
tt0292644,2002,4000000
tt0293113,2002,1600000
tt0293508,2004,70000000
tt0293564,2007,140000000
tt0293662,2002,21000000
tt0294357,2003,35000000
tt0294870,2005,40000000
tt0295178,2002,63000000
tt0295254,2002,40000000
tt0295289,2003,20000000
tt0295297,2002,100000000
tt0295427,2002,16000000
tt0295700,2003,12600000
tt0295701,2002,70000000
tt0295721,2003,1300000
tt0295725,2002,825000
tt0296572,2004,105000000
tt0297037,2002,8000000
tt0297181,2002,70000000
tt0297884,2002,13500000
tt0298130,2002,48000000
tt0298148,2004,150000000
tt0298203,2002,41000000
tt0298228,2002,3500000
tt0298388,2002,14000000
tt0298814,2003,60000000
tt0299172,2004,110000000
tt0299658,2002,45000000
tt0299930,2003,54000000
tt0299977,2002,31000000
tt0300015,2003,8000000
tt0300051,2004,35000000
tt0300471,2003,50000000
tt0300532,2002,25000000
tt0300556,2003,80000000
tt0301470,2003,17000000
tt0302886,2003,24000000
tt0303714,2002,12000000
tt0303816,2002,1500000
tt0303933,2002,20000000
tt0304141,2004,130000000
tt0304415,2003,65000000
tt0304669,2002,65000000
tt0305224,2003,75000000
tt0305357,2003,120000000
tt0305396,2002,12000000
tt0305632,2004,5000000
tt0305669,2003,33000000
tt0305711,2003,18000000
tt0306047,2003,48000000
tt0306685,2003,25000000
tt0306841,2003,17000000
tt0307109,2001,40000
tt0307453,2004,75000000
tt0307479,2002,47000000
tt0307901,2002,5000000
tt0307987,2003,23000000
tt0308208,2002,70000000
tt0308383,2003,30000000
tt0308506,2002,30000000
tt0308644,2004,25000000
tt0309377,2002,50000000
tt0309521,2002,425000
tt0309698,2003,28000000
tt0309820,2003,30000000
tt0309987,2003,15000000
tt0310357,2003,20000000
tt0310793,2002,4000000
tt0310910,2003,15000000
tt0311113,2003,150000000
tt0311289,2003,20000000
tt0311429,2003,78000000
tt0311648,2003,300000
tt0312004,2005,30000000
tt0312528,2003,109000000
tt0312549,2003,17000000
tt0313443,2003,50000000
tt0313542,2003,60000000
tt0313737,2002,60000000
tt0313792,2003,18000000
tt0313911,2003,28000000
tt0314166,2002,3000000
tt0314331,2003,40000000
tt0314353,2003,75000000
tt0315297,2004,50000000
tt0315327,2003,81000000
tt0315733,2003,20000000
tt0315983,2003,16500000
tt0316356,2003,22000000
tt0316396,2003,100000000
tt0316465,2003,35000000
tt0316654,2004,200000000
tt0316732,2004,25000000
tt0317132,2005,14000000
tt0317198,2004,40000000
tt0317219,2006,120000000
tt0317303,2003,60000000
tt0317640,2003,2000000
tt0317648,2004,100000000
tt0317676,2003,12000000
tt0317705,2004,92000000
tt0317740,2003,60000000
tt0317919,2006,150000000
tt0318081,2005,80000000
tt0318155,2003,80000000
tt0318283,2003,30000000
tt0318627,2004,45000000
tt0318649,2005,130000000
tt0318974,2004,107000000
tt0319061,2003,70000000
tt0319262,2004,125000000
tt0319343,2003,33000000
tt0319524,2003,16000000
tt0320661,2005,130000000
tt0320691,2003,22000000
tt0322259,2003,76000000
tt0322330,2003,20000000
tt0322589,2003,18000000
tt0322802,2002,5000000
tt0323033,2004,32000000
tt0323298,2003,2500000
tt0323939,2003,10000000
tt0324127,2004,27000000
tt0324216,2003,9500000
tt0325234,2003,944149
tt0325258,2003,17000000
tt0325537,2003,35200000
tt0325703,2003,95000000
tt0325710,2003,140000000
tt0325980,2003,140000000
tt0326769,2003,24000000
tt0326856,2004,40000000
tt0326900,2003,18000000
tt0326905,2005,80000000
tt0327036,2002,3000000
tt0327056,2003,25000000
tt0327137,2003,30000000
tt0327162,2004,90000000
tt0327247,2004,40000000
tt0327437,2004,110000000
tt0327554,2004,100000000
tt0327597,2009,60000000
tt0327679,2004,31000000
tt0327850,2003,85000000
tt0328099,2003,15000000
tt0328107,2004,70000000
tt0328538,2003,2000000
tt0328589,2003,18000000
tt0328828,2003,55000000
tt0329028,2003,19000000
tt0329101,2003,30000000
tt0329575,2003,87000000
tt0329691,2004,40000000
tt0329717,2003,75000000
tt0329767,2002,4000000
tt0330373,2005,150000000
tt0330793,2004,33000000
tt0332047,2005,30000000
tt0332280,2004,29000000
tt0332375,2004,5000000
tt0332379,2003,35000000
tt0332452,2004,175000000
tt0332658,2003,5000000
tt0332712,2004,12000000
tt0333766,2004,2500000
tt0333780,2003,45000000
tt0335013,2003,15000000
tt0335121,2004,25000000
tt0335245,2004,35000000
tt0335266,2003,4000000
tt0335345,2004,30000000
tt0335438,2004,60000000
tt0335559,2004,22000000
tt0337563,2004,37000000
tt0337579,2004,30000000
tt0337697,2004,22000000
tt0337711,2003,25000000
tt0337741,2003,80000000
tt0337876,2004,20000000
tt0337909,2003,10000000
tt0337917,2004,12000000
tt0337921,2004,25000000
tt0337978,2007,110000000
tt0338013,2004,20000000
tt0338077,2003,6000000
tt0338094,2003,90000000
tt0338096,2004,25000000
tt0338337,2003,60000000
tt0338348,2004,165000000
tt0338459,2003,38000000
tt0338526,2004,160000000
tt0338751,2004,110000000
tt0339034,2003,12000000
tt0339291,2004,140000000
tt0339419,2003,800000
tt0340376,2003,27000000
tt0340855,2003,8000000
tt0342207,2003,10000000
tt0342258,2005,45000000
tt0342508,2003,2000000
tt0342735,2005,14200000
tt0343135,2004,42000000
tt0343660,2004,75000000
tt0343818,2004,120000000
tt0343996,2005,9600000
tt0344510,2004,56600000
tt0344854,2006,86000000
tt0345074,2004,27000000
tt0345950,2004,30000000
tt0346156,2004,70000000
tt0346491,2004,155000000
tt0348121,2004,22000000
tt0348150,2006,270000000
tt0348333,2005,3000000
tt0348593,2004,7500000
tt0348836,2003,40000000
tt0349159,2003,1500000
tt0349169,2004,10000000
tt0349205,2003,40000000
tt0349683,2004,120000000
tt0349903,2004,110000000
tt0350258,2004,40000000
tt0350261,2005,30000000
tt0351977,2004,46000000
tt0352248,2005,88000000
tt0352277,2004,15000000
tt0353489,2004,3500000
tt0354595,2005,20000000
tt0355295,2005,88000000
tt0355702,2005,25000000
tt0356150,2004,25000000
tt0356443,2004,24000000
tt0356470,2004,19000000
tt0356618,2004,42000000
tt0356634,2004,50000000
tt0356680,2005,18000000
tt0356721,2004,20000000
tt0356910,2005,110000000
tt0357277,2005,43000000
tt0357413,2004,26000000
tt0357507,2005,20000000
tt0358082,2005,75000000
tt0358135,2004,50000000
tt0358273,2005,28000000
tt0358349,2004,26000000
tt0359013,2004,65000000
tt0359423,2004,6500000
tt0359517,2004,12000000
tt0359950,2013,90000000
tt0360139,2004,23000000
tt0360201,2004,31000000
tt0360323,2006,8000000
tt0360486,2005,100000000
tt0360717,2005,207000000
tt0360916,2003,7500000
tt0361089,2005,35000000
tt0361309,2004,3000000
tt0361411,2004,7000000
tt0361500,2008,40000000
tt0361596,2004,6000000
tt0361696,2004,15000000
tt0361715,2005,12000000
tt0361748,2009,70000000
tt0361841,2004,35000000
tt0361925,2004,30000000
tt0362120,2006,45000000
tt0362165,2005,84000000
tt0362227,2004,60000000
tt0362269,2004,11000000
tt0362270,2004,50000000
tt0362478,2009,30000000
tt0363282,2004,30000000
tt0363504,2005,750000
tt0363547,2004,26000000
tt0363771,2005,180000000
tt0363988,2004,40000000
tt0364045,2004,45000000
tt0364725,2004,20000000
tt0364751,2004,19000000
tt0364970,2008,70000000
tt0365485,2005,12500000
tt0365737,2005,50000000
tt0365830,2006,20000000
tt0365885,2005,12000000
tt0365907,2014,28000000
tt0365929,2009,35000000
tt0365957,2004,8000000
tt0366174,2004,20000000
tt0366444,2004,300000
tt0366548,2006,100000000
tt0366551,2004,9000000
tt0366780,2005,4000000
tt0367085,2004,16000000
tt0367089,2005,1500000
tt0367479,2004,60000000
tt0367594,2005,150000000
tt0367652,2005,22000000
tt0367882,2008,185000000
tt0368008,2004,80000000
tt0368089,2004,1500000
tt0368413,2005,350000
tt0368447,2004,60000000
tt0368578,2005,32000000
tt0368709,2005,45000000
tt0368891,2004,100000000
tt0368913,2003,46000
tt0368933,2004,40000000
tt0369226,2005,20000000
tt0369339,2004,65000000
tt0369436,2008,80000000
tt0369441,2005,100000000
tt0369610,2015,150000000
tt0369735,2005,43000000
tt0370032,2006,30000000
tt0370263,2004,60000000
tt0371246,2004,80000000
tt0371606,2005,150000000
tt0371724,2005,50000000
tt0371746,2008,140000000
tt0372183,2004,75000000
tt0372532,2005,15000000
tt0372588,2004,32000000
tt0372784,2005,150000000
tt0372873,2007,32000000
tt0373051,2008,60000000
tt0373074,2004,20000000
tt0373283,2003,780000
tt0373450,2005,25000000
tt0373469,2005,15000000
tt0373889,2007,150000000
tt0373908,2005,25000000
tt0373926,2005,80000000
tt0374102,2003,500000
tt0374536,2005,85000000
tt0374900,2004,400000
tt0375063,2004,16000000
tt0375104,2004,20000000
tt0375173,2004,60000000
tt0375568,2009,65000000
tt0375679,2004,6500000
tt0376108,2005,33100000
tt0376136,2011,45000000
tt0376541,2004,27000000
tt0376994,2006,210000000
tt0377062,2004,45000000
tt0377071,2004,425000
tt0377092,2004,17000000
tt0377107,2005,20000000
tt0377471,2005,53000000
tt0377818,2005,50000000
tt0377992,2003,10000000
tt0378194,2004,30000000
tt0378407,2004,1100
tt0379322,2003,500000
tt0379725,2005,7000000
tt0379786,2005,39000000
tt0379865,2008,58000000
tt0379889,2004,30000000
tt0380510,2009,65000000
tt0380599,2005,60000000
tt0380623,2005,10000000
tt0381061,2006,150000000
tt0381681,2004,2700000
tt0381707,2004,37000000
tt0381849,2007,55000000
tt0381971,2006,50000000
tt0382625,2006,125000000
tt0382932,2007,150000000
tt0382992,2005,135000000
tt0383010,2012,30000000
tt0383028,2008,20000000
tt0383216,2006,80000000
tt0383222,2005,25000000
tt0383574,2006,225000000
tt0384286,2005,1000000
tt0384537,2006,50000000
tt0384642,2005,45000000
tt0384680,2005,22000000
tt0384793,2006,23000000
tt0384806,2005,19000000
tt0385752,2007,180000000
tt0385880,2006,75000000
tt0385887,2019,26000000
tt0386032,2007,9000000
tt0386117,2009,100000000
tt0386140,2005,75000000
tt0386588,2005,70000000
tt0386741,2006,18000000
tt0387057,2003,1500000
tt0387059,2005,14000000
tt0387131,2005,25000000
tt0387514,2005,22000000
tt0387564,2004,1200000
tt0387575,2004,12000000
tt0387877,2006,50000000
tt0388139,2004,2000000
tt0388230,2004,200000
tt0388419,2004,60000000
tt0388482,2005,32000000
tt0388795,2005,14000000
tt0389557,2006,21000000
tt0389722,2007,30000000
tt0389790,2007,150000000
tt0389792,2004,1500000
tt0389860,2006,82500000
tt0390022,2004,30000000
tt0390384,2004,7000
tt0390521,2004,65000
tt0390538,2003,220
tt0391198,2004,10000000
tt0391304,2005,30000000
tt0392465,2005,12000000
tt0393162,2005,30000000
tt0395251,2005,45000000
tt0395495,2006,25000000
tt0395543,2005,1500000
tt0395561,2005,800000
tt0395584,2005,7000000
tt0395699,2005,56000000
tt0395972,2005,35000000
tt0396171,2006,60000000
tt0396269,2005,40000000
tt0396587,2005,250000
tt0396752,2005,25000000
tt0397065,2005,40000000
tt0397101,2005,43000000
tt0397313,2006,40000000
tt0397535,2005,85000000
tt0397551,2006,2000000
tt0397892,2008,150000000
tt0398017,2005,22000000
tt0398165,2005,82000000
tt0398286,2010,260000000
tt0398712,2005,30000000
tt0398830,2004,3000000
tt0399146,2005,32000000
tt0399201,2005,126000000
tt0399295,2005,50000000
tt0399862,2005,10000000
tt0400497,2005,50000000
tt0400717,2006,85000000
tt0401445,2006,35000000
tt0401729,2012,250000000
tt0401792,2005,40000000
tt0401815,2005,3500000
tt0402022,2005,62000000
tt0402230,2005,500000
tt0402399,2005,30000000
tt0402850,2005,14000000
tt0403407,2006,20000000
tt0403508,2005,25000000
tt0403702,2009,18000000
tt0404032,2005,19000000
tt0404203,2006,26000000
tt0404390,2006,15000000
tt0405094,2006,2000000
tt0405159,2004,30000000
tt0405325,2005,35000000
tt0405422,2005,26000000
tt0405469,2006,80000000
tt0405676,2006,55000000
tt0405821,2004,6000000
tt0406158,2005,12000000
tt0406375,2005,65000000
tt0407121,2005,20000000
tt0407304,2005,132000000
tt0407887,2006,90000000
tt0408236,2007,50000000
tt0408306,2005,70000000
tt0408524,2005,35000000
tt0408985,2006,45000000
tt0409182,2006,160000000
tt0409459,2009,130000000
tt0409838,2005,1200000
tt0409847,2011,163000000
tt0410097,2005,2800000
tt0410297,2006,40000000
tt0410377,2008,37000000
tt0410454,2004,7500000
tt0411477,2008,85000000
tt0412080,2005,25000000
tt0413099,2007,175000000
tt0413267,2007,160000000
tt0413300,2007,258000000
tt0413895,2006,85000000
tt0414853,2006,51000000
tt0414982,2006,25000000
tt0414993,2006,35000000
tt0415306,2006,72500000
tt0416044,2007,18000000
tt0416212,2008,11000000
tt0416236,2008,90000000
tt0416320,2005,15000000
tt0416449,2006,65000000
tt0416891,2005,5000000
tt0417001,2005,30000000
tt0417148,2006,33000000
tt0417217,2005,35000000
tt0417741,2009,250000000
tt0418038,2004,200000
tt0418279,2007,150000000
tt0418647,2005,32000000
tt0418689,2006,90000000
tt0418753,2005,2000000
tt0418763,2005,72000000
tt0418819,2005,15000000
tt0419294,2005,15000000
tt0419706,2005,60000000
tt0419749,2006,13000000
tt0420223,2006,30000000
tt0420238,2008,60000000
tt0420291,2004,850000
tt0420294,2006,16000000
tt0420332,2004,7000000
tt0420550,2006,3000000
tt0421073,2008,20000000
tt0421206,2006,30000000
tt0421229,2005,750000
tt0421237,2009,350000
tt0421239,2005,26000000
tt0421715,2008,150000000
tt0421729,2006,40000000
tt0422093,2005,5500000
tt0422249,2003,300000
tt0422720,2006,40000000
tt0422861,2006,5000000
tt0423977,2007,12000000
tt0424095,2006,149000000
tt0424345,2006,5000000
tt0424938,2006,5000000
tt0424993,2006,12000000
tt0425061,2008,80000000
tt0425123,2005,58000000
tt0425253,2006,6000000
tt0425413,2007,10000000
tt0425430,2007,16000000
tt0425598,2005,3000000
tt0427152,2010,69000000
tt0427229,2006,50000000
tt0427392,2007,80000000
tt0427470,2007,16000000
tt0427944,2005,6500000
tt0428038,2005,1000000
tt0429277,2006,2000000
tt0429493,2010,110000000
tt0429573,2005,14000000
tt0429589,2006,50000000
tt0429591,2006,12000000
tt0430105,2005,45000000
tt0430304,2006,64000000
tt0430308,2005,40000000
tt0430357,2006,135000000
tt0430431,2006,20000000
tt0430770,2008,16000000
tt0430922,2008,28000000
tt0431021,2012,14000000
tt0431091,2004,50000
tt0431155,2005,50000
tt0431197,2007,70000000
tt0431308,2007,30000000
tt0432283,2009,40000000
tt0432291,2005,18000000
tt0432348,2005,4000000
tt0432637,2006,10200000
tt0433362,2009,20000000
tt0433383,2005,7000000
tt0433386,2006,20000000
tt0433398,2006,1300000
tt0433416,2006,9500000
tt0434139,2006,20000000
tt0434215,2006,15000000
tt0434409,2005,54000000
tt0434424,2005,9000000
tt0435623,2005,450000
tt0435651,2014,25000000
tt0435761,2010,200000000
tt0436331,2006,6500000
tt0436339,2009,150000000
tt0437086,2019,170000000
tt0437179,2006,8000000
tt0437526,2007,6000000
tt0437800,2006,8000000
tt0437863,2006,33000000
tt0438097,2006,80000000
tt0438427,2005,30000000
tt0438488,2009,200000000
tt0439544,2005,3000000
tt0439815,2006,15000000
tt0440963,2007,110000000
tt0441007,2007,9000000
tt0441773,2008,130000000
tt0442933,2007,150000000
tt0443272,2012,65000000
tt0443274,2008,40000000
tt0443295,2005,45000000
tt0443453,2006,18000000
tt0443536,2005,30000000
tt0443543,2006,16500000
tt0443649,2008,105000000
tt0443680,2007,30000000
tt0443701,2008,30000000
tt0443706,2007,65000000
tt0445620,2005,2000000
tt0445934,2007,61000000
tt0446013,2007,45000000
tt0446029,2010,60000000
tt0448011,2009,50000000
tt0448115,2019,100000000
tt0448157,2008,150000000
tt0448694,2011,130000000
tt0449010,2006,100000000
tt0449059,2006,8000000
tt0449088,2007,300000000
tt0449089,2006,50000000
tt0450188,2007,25000000
tt0450259,2006,100000000
tt0450278,2005,4800000
tt0450314,2008,35000000
tt0450334,2005,65000
tt0450345,2006,40000000
tt0450385,2007,25000000
tt0450405,2009,40000000
tt0451069,2005,4000000
tt0451079,2008,85000000
tt0451279,2017,149000000
tt0452594,2006,52000000
tt0452608,2008,45000000
tt0452623,2007,19000000
tt0452637,2006,70000000
tt0452694,2009,39000000
tt0452702,2007,19000000
tt0453467,2006,75000000
tt0453494,2006,15000000
tt0453556,2007,34000000
tt0453562,2013,40000000
tt0454792,2005,1600000
tt0454824,2006,60000000
tt0454841,2006,15000000
tt0454848,2006,45000000
tt0454876,2012,120000000
tt0454879,2006,6200000
tt0454919,2006,20500000
tt0454921,2006,55000000
tt0454945,2006,20000000
tt0454970,2006,10000000
tt0455326,2007,750000
tt0455407,2010,20000000
tt0455538,2008,28000000
tt0455590,2006,6000000
tt0455612,2006,6000000
tt0455760,2007,20000000
tt0455824,2008,130000000
tt0455857,2006,15000000
tt0455944,2014,55000000
tt0455967,2006,18000000
tt0457303,2006,1000000
tt0457400,2009,100000000
tt0457430,2006,19000000
tt0457452,2005,5000
tt0457510,2006,35000000
tt0457530,2005,6500000
tt0457939,2006,85000000
tt0458339,2011,140000000
tt0458352,2006,35000000
tt0458525,2009,150000000
tt0460611,2006,6500000
tt0460975,2006,400000
tt0461770,2007,85000000
tt0462200,2006,15000000
tt0462229,2007,20000000
tt0462322,2007,67000000
tt0462338,2006,25000000
tt0462465,2008,50000000
tt0462499,2008,50000000
tt0462519,2006,35000000
tt0462538,2007,75000000
tt0462590,2006,12000000
tt0463034,2006,54000000
tt0463998,2007,21000000
tt0464154,2010,24000000
tt0465142,2006,17000000
tt0465502,2008,25000000
tt0465580,2009,38000000
tt0465602,2007,39000000
tt0466342,2006,20000000
tt0466856,2006,20000000
tt0466893,2011,14000000
tt0466909,2006,25000000
tt0467197,2008,35000000
tt0467200,2008,35000000
tt0467406,2007,7500000
tt0468569,2008,185000000
tt0469263,2006,13000000
tt0469494,2007,25000000
tt0469641,2006,65000000
tt0469903,2008,40000000
tt0470752,2014,15000000
tt0471042,2011,75000000
tt0472033,2009,30000000
tt0472043,2006,40000000
tt0472062,2007,75000000
tt0472126,2006,3000000
tt0472156,2006,5000000
tt0472181,2011,110000000
tt0472198,2009,20000000
tt0472399,2011,40000000
tt0473024,2006,5800000
tt0473075,2010,200000000
tt0473700,2007,11000000
tt0475276,2006,15000000
tt0475290,2016,22000000
tt0475298,2006,5000000
tt0475394,2006,17000000
tt0477051,2007,60000000
tt0477071,2007,20000000
tt0477078,2007,6000000
tt0477080,2010,100000000
tt0478087,2008,35000000
tt0478262,2006,300000
tt0478304,2011,32000000
tt0478311,2007,30000000
tt0478829,2006,2500000
tt0478970,2015,130000000
tt0479143,2006,24000000
tt0479884,2006,12000000
tt0479952,2008,150000000
tt0479968,2008,20000000
tt0479997,2011,40000000
tt0480239,2011,20000000
tt0480249,2007,150000000
tt0480255,2010,25000000
tt0480687,2011,36000000
tt0481369,2007,30000000
tt0481499,2013,135000000
tt0481536,2008,12000000
tt0482463,2006,3300000
tt0482571,2006,40000000
tt0482572,2008,30000000
tt0482603,2008,37000000
tt0482606,2008,9000000
tt0485601,2009,8000000
tt0485985,2012,58000000
tt0486028,2006,2400000
tt0486321,2008,25000000
tt0486576,2007,130000000
tt0486655,2007,70000000
tt0486822,2007,20000000
tt0488658,2006,25000000
tt0489099,2008,85000000
tt0489270,2006,10000000
tt0489281,2008,25000000
tt0490196,2006,3000000
tt0490204,2007,20000000
tt0491152,2011,35000000
tt0492389,2010,35000000
tt0493405,2017,25000000
tt0493430,2006,11500000
tt0493464,2008,75000000
tt0493949,2010,15000000
tt0494238,2008,60000000
tt0494652,2008,35000000
tt0498353,2007,10200000
tt0498380,2006,19000000
tt0498381,2017,25000000
tt0498399,2007,21000000
tt0499448,2008,225000000
tt0499549,2009,237000000
tt0499554,2007,10000000
tt0758746,2009,19000000
tt0758752,2010,30000000
tt0758774,2008,70000000
tt0762107,2007,85000000
tt0762121,2006,35000000
tt0762125,2009,70000000
tt0763831,2012,40000000
tt0765010,2009,26000000
tt0765128,2009,80000000
tt0765429,2007,100000000
tt0765446,2013,40000000
tt0765476,2008,60000000
tt0770703,2011,20000000
tt0770752,2008,70000000
tt0770772,2007,11000000
tt0770828,2013,225000000
tt0775489,2010,17000000
tt0775539,2007,13000000
tt0775552,2009,45000000
tt0780504,2011,15000000
tt0780511,2009,21000000
tt0780521,2009,105000000
tt0780567,2009,55000000
tt0780571,2007,20000000
tt0780595,2007,26000000
tt0780653,2010,150000000
tt0783532,2008,2000000
tt0784972,2007,10000000
tt0785025,2006,3000000
tt0787474,2014,60000000
tt0790628,2013,30000000
tt0790636,2013,5000000
tt0790657,2007,3000000
tt0790712,2009,6500000
tt0790724,2012,60000000
tt0790736,2013,130000000
tt0795351,2009,26000000
tt0795368,2007,9000000
tt0795421,2008,52000000
tt0795438,2009,5000000
tt0795461,2013,20000000
tt0796366,2009,150000000
tt0800039,2008,30000000
tt0800069,2007,15000000
tt0800080,2008,150000000
tt0800308,2008,20000000
tt0800320,2010,125000000
tt0800369,2011,150000000
tt0803096,2016,160000000
tt0804497,2010,8000000
tt0804505,2007,12000000
tt0805526,2006,100000
tt0805564,2007,12000000
tt0808151,2009,150000000
tt0808357,2007,15000000
tt0808510,2010,48000000
tt0808526,2009,4500000
tt0810784,2009,8500000
tt0810913,2011,79000000
tt0810928,2007,2200000
tt0811080,2008,120000000
tt0811138,2008,62000000
tt0814022,2008,45000000
tt0814255,2010,95000000
tt0814314,2008,55000000
tt0814335,2009,20000000
tt0815178,2007,13000000
tt0815236,2010,20000000
tt0815241,2008,2500000
tt0816462,2011,90000000
tt0816692,2014,165000000
tt0816711,2013,190000000
tt0817177,2010,14000000
tt0817230,2010,52000000
tt0822847,2011,60000000
tt0822854,2007,61000000
tt0824747,2008,55000000
tt0824758,2009,18000000
tt0825232,2007,45000000
tt0829150,2014,70000000
tt0829459,2007,16000000
tt0829482,2007,20000000
tt0830515,2008,200000000
tt0831387,2014,160000000
tt0834001,2009,35000000
tt0837562,2012,85000000
tt0837563,2019,21000000
tt0838221,2007,16000000
tt0838232,2009,70000000
tt0838283,2008,65000000
tt0840361,2010,37000000
tt0841046,2007,35000000
tt0842926,2010,4000000
tt0844471,2009,100000000
tt0844671,2008,7000000
tt0846308,2008,10000000
tt0848228,2012,220000000
tt0848537,2013,100000000
tt0852713,2008,25000000
tt0853096,2006,2000000
tt0859163,2008,145000000
tt0859635,2018,13500000
tt0861689,2008,25000000
tt0864835,2014,145000000
tt0866439,2008,40000000
tt0870111,2008,25000000
tt0871426,2008,30000000
tt0872230,2010,25000000
tt0875034,2009,80000000
tt0878804,2009,29000000
tt0878835,2010,3000000
tt0879870,2010,60000000
tt0880578,2008,35000000
tt0881320,2011,30000000
tt0884328,2007,18000000
tt0884726,2014,70000000
tt0884732,2015,23000000
tt0887883,2008,37000000
tt0887912,2008,15000000
tt0889573,2010,19000000
tt0891527,2007,35000000
tt0892318,2010,30000000
tt0892769,2010,165000000
tt0892782,2009,175000000
tt0892791,2010,165000000
tt0896923,2009,8300000
tt0898367,2009,25000000
tt0899106,2009,18000000
tt0901476,2009,30000000
tt0901487,2008,10000000
tt0905372,2011,38000000
tt0907657,2007,150000
tt0910936,2008,27000000
tt0910970,2008,180000000
tt0913354,2009,20000000
tt0918927,2008,20000000
tt0918940,2016,180000000
tt0926129,2008,20000000
tt0929632,2009,10000000
tt0935075,2010,5000000
tt0936501,2008,25000000
tt0937375,2007,13000000
tt0938283,2010,150000000
tt0938330,2012,20000000
tt0942385,2008,92000000
tt0944835,2010,110000000
tt0945513,2011,32000000
tt0947798,2010,13000000
tt0947802,2008,20000000
tt0947810,2010,100000000
tt0948470,2012,230000000
tt0949731,2008,48000000
tt0952640,2007,60000000
tt0954947,2010,13000000
tt0954990,2008,15500000
tt0955308,2010,200000000
tt0959337,2008,35000000
tt0960144,2008,90000000
tt0960731,2008,80000000
tt0961108,2008,8000000
tt0962726,2008,11000000
tt0962736,2009,35000000
tt0963178,2009,50000000
tt0963966,2010,150000000
tt0964517,2010,25000000
tt0968264,2010,25000000
tt0970411,2008,55000000
tt0970416,2008,80000000
tt0970866,2010,100000000
tt0971209,2009,14000000
tt0976051,2008,32000000
tt0976238,2009,35000000
tt0976247,2008,6000000
tt0977855,2010,22000000
tt0978764,2011,82000000
tt0979434,2010,17000000
tt0980970,2010,155000000
tt0981227,2008,10000000
tt0983946,2020,7000000
tt0985694,2010,10500000
tt0985699,2008,75000000
tt0986263,2009,80000000
tt0988045,2009,90000000
tt0988047,2008,22000000
tt0988595,2008,30000000
tt0989757,2010,25000000
tt0990407,2011,120000000
tt0993842,2011,30000000
tt0993846,2013,100000000
tt0995039,2008,20000000
tt0999913,2011,25000000
tt1000774,2008,65000000
tt1001526,2010,130000000
tt10039344,2019,6500000
tt1007028,2008,24000000
tt1010048,2008,15000000
tt1012804,2008,7000000
tt1013743,2010,117000000
tt1013752,2009,85000000
tt1013753,2008,20000000
tt1014759,2010,200000000
tt1016075,2009,18000000
tt1017451,2010,10000000
tt1017460,2009,30000000
tt1018765,2015,28000000
tt1018785,2008,27000000
tt1019449,2007,10000
tt1020072,2014,20000000
tt1020558,2010,12000000
tt1022603,2009,7500000
tt1023111,2008,20000000
tt1023114,2010,30000000
tt1024648,2012,44500000
tt1025100,2019,138000000
tt1027718,2010,70000000
tt1027862,2008,21000000
tt1028576,2010,35000000
tt1029360,2015,35000000
tt1031969,2008,15000000
tt1032751,2010,42000000
tt1032815,2009,18000000
tt1033643,2008,35000000
tt1034303,2008,32000000
tt1034324,2009,7000000
tt1034331,2008,60000000
tt1034389,2011,25000000
tt1035736,2009,23000000
tt1037705,2010,80000000
tt1038686,2010,26000000
tt1038919,2010,40000000
tt1041804,2010,90000000
tt1041829,2009,40000000
tt1042877,2008,12000000
tt1043726,2014,70000000
tt1045658,2012,21000000
tt1045772,2009,13000000
tt1045778,2009,60000000
tt1046163,2008,20000000
tt1046173,2009,175000000
tt1046997,2008,45000000
tt1047540,2012,25000000
tt10481868,2019,5000000
tt1049413,2009,175000000
tt1051904,2015,58000000
tt1051906,2020,7000000
tt1053424,2010,32000000
tt1053810,2011,41000000
tt1054606,2009,30000000
tt1055292,2010,38000000
tt1055369,2009,200000000
tt1057500,2009,60000000
tt1058017,2009,18500000
tt1059786,2008,80000000
tt1060277,2008,25000000
tt1065073,2014,4000000
tt1067106,2009,200000000
tt1067583,2011,38000000
tt1067774,2011,20000000
tt1068242,2011,24000000
tt1068680,2008,70000000
tt1071875,2011,57000000
tt1074638,2012,200000000
tt1075419,2009,15000000
tt1075636,2007,20000
tt1075747,2010,47000000
tt1077262,2009,1000000
tt1077368,2012,150000000
tt1078588,2009,30000000
tt1078912,2009,150000000
tt1078940,2009,70000000
tt1080016,2009,90000000
tt1082807,2016,5000000
tt1082868,2008,12000000
tt1083452,2015,23000000
tt1083456,2009,20000000
tt1086772,2014,40000000
tt1091191,2013,40000000
tt1092026,2011,40000000
tt1092633,2009,10000000
tt1093357,2011,30000000
tt1095217,2009,25000000
tt1099212,2008,37000000
tt1103153,2010,75000000
tt1104001,2010,170000000
tt1104733,2008,9000000
tt1109624,2014,55000000
tt1111422,2009,100000000
tt1114740,2009,26000000
tt1116184,2010,20000000
tt1119646,2009,35000000
tt1120985,2010,1000000
tt1121096,2014,95000000
tt1121977,2009,7000000
tt1121986,2012,4500000
tt1124037,2016,50000000
tt1124052,2009,12000000
tt1125849,2008,6000000
tt1125929,2010,25000000
tt1126591,2010,55000000
tt1126618,2010,40000000
tt1127180,2009,30000000
tt1127896,2009,30000000
tt1129423,2008,500000
tt1129445,2009,40000000
tt1130080,2009,22000000
tt1130884,2010,80000000
tt1131729,2009,50000000
tt1131734,2009,16000000
tt1132620,2009,13000000
tt1132626,2008,10800000
tt1133985,2011,200000000
tt1134854,2009,4000000
tt1135084,2010,32000000
tt1135487,2009,60000000
tt1135503,2009,40000000
tt1135985,2008,19000000
tt1136608,2009,30000000
tt1137450,2018,30000000
tt1139328,2010,45000000
tt1139668,2009,16000000
tt1142977,2012,39000000
tt1142988,2009,38000000
tt1144884,2009,40000000
tt1148200,2009,3000000
tt1149361,2009,42000000
tt1149362,2009,18000000
tt1151359,2009,9000000
tt1152398,2011,17000000
tt1152822,2010,2900000
tt1152836,2009,100000000
tt1153706,2009,25000000
tt1155076,2010,40000000
tt1156173,2009,13000000
tt1156398,2009,23600000
tt1161418,2009,10000000
tt1161864,2011,37000000
tt1172233,2009,15000000
tt1172991,2010,15000000
tt1174730,2009,6000000
tt1174732,2009,7500000
tt1175491,2008,25100000
tt1175506,2008,25000000
tt1176740,2009,17000000
tt1179034,2010,52000000
tt1179056,2010,35000000
tt1179258,2009,23000000
tt1179891,2009,15000000
tt1179904,2007,15000
tt1182350,2010,22000000
tt1183672,2009,9000000
tt1185344,2009,9000000
tt1186367,2009,40000000
tt1186830,2009,70000000
tt1188729,2009,33000000
tt1189340,2011,40000000
tt1190080,2009,200000000
tt1190617,2008,20000000
tt1191111,2009,16000000
tt1192628,2011,135000000
tt1193138,2009,25000000
tt1193631,2010,30000000
tt1194173,2012,125000000
tt1194263,2009,7000000
tt1194417,2010,12500000
tt1195478,2012,30000000
tt1196141,2010,15000000
tt1197624,2009,50000000
tt1197628,2009,18000000
tt1198138,2009,20000000
tt1201167,2009,75000000
tt1204342,2011,45000000
tt1204975,2013,28000000
tt1204977,2014,5000000
tt1205489,2008,33000000
tt1205537,2014,60000000
tt1206543,2013,22000000
tt1206885,2019,50000000
tt1210039,2010,10000000
tt1210042,2009,17000000
tt1210071,2009,10000000
tt1210166,2011,50000000
tt1210819,2013,215000000
tt1211837,2016,165000000
tt1211890,2012,200000
tt1212419,2010,50000000
tt1212436,2010,35000000
tt1213641,2018,59000000
tt1213644,2008,20000000
tt1213663,2013,20000000
tt1216475,2011,200000000
tt1216492,2010,19000000
tt1217209,2012,185000000
tt1217613,2011,70000000
tt1219289,2011,27000000
tt1219342,2010,80000000
tt1219827,2017,110000000
tt1220634,2010,60000000
tt1222817,2011,80000000
tt1225822,2009,8000000
tt1226229,2010,40000000
tt1226232,2009,6000000
tt1226273,2010,80000000
tt1226753,2010,20000000
tt1228705,2010,200000000
tt1228987,2010,20000000
tt1229238,2011,145000000
tt1229340,2013,50000000
tt1230215,2012,20000000
tt1230414,2009,85000000
tt1231580,2009,75000000
tt1231583,2010,65000000
tt1231587,2010,36000000
tt1232200,2012,70000000
tt1232207,2009,20000000
tt1232776,2009,3000000
tt1232783,2009,12500000
tt1232829,2012,42000000
tt1233192,2010,12000000
tt1233227,2009,11000000
tt1234548,2009,25000000
tt1234719,2012,65000000
tt1234721,2014,100000000
tt1235166,2009,13000000
tt1235168,2009,20000
tt1235170,2011,1000000
tt1235189,2010,8000000
tt1235522,2013,35000000
tt1235796,2009,12000000
tt1240982,2011,49900000
tt1242432,2010,2000000
tt1243957,2010,100000000
tt1243974,2015,37000000
tt1244659,2010,31000000
tt1244754,2010,12500000
tt1245492,2013,32000000
tt1245526,2010,58000000
tt1247644,2009,15000
tt1247662,2009,10000000
tt1250777,2010,30000000
tt1251743,2011,5500000
tt1251757,2009,20000000
tt1253863,2014,110000000
tt1253864,2011,75000000
tt1255919,2018,42000000
tt1255953,2010,6800000
tt1258972,2012,15000000
tt1259571,2009,50000000
tt1261945,2010,100000000
tt1262416,2011,40000000
tt1263670,2009,7000000
tt1265990,2011,16000000
tt1267297,2014,100000000
tt1268799,2011,19000000
tt1270262,2011,19100000
tt1270286,2009,500000
tt1270761,2010,25000000
tt1270797,2018,100000000
tt1270798,2011,160000000
tt1272878,2013,61000000
tt1273678,2010,28000000
tt1274300,2010,20000000
tt1276104,2012,30000000
tt1277953,2012,145000000
tt1279935,2010,55000000
tt1282140,2010,8000000
tt1284575,2011,20000000
tt1285016,2010,40000000
tt1285309,2009,10000000
tt1287468,2010,85000000
tt1288558,2013,17000000
tt1289401,2016,144000000
tt1289406,2009,7300000
tt1289419,2010,1600000
tt1291150,2014,125000000
tt1291584,2011,25000000
tt1292566,2016,38000000
tt1293847,2017,85000000
tt1294161,2009,40000
tt1294213,2009,15000000
tt1294226,2010,20000000
tt1296898,2010,5000000
tt1298644,2019,21000000
tt1298649,2012,68000000
tt1298650,2011,250000000
tt1300851,2009,8000000
tt1300854,2013,200000000
tt1301990,2010,3000000
tt1302011,2011,150000000
tt1302067,2010,80000000
tt1303828,2009,3500000
tt1305591,2011,150000000
tt1306980,2011,8000000
tt1307068,2012,10000000
tt1308728,2018,40000000
tt1311067,2009,15000000
tt1314228,2009,58000000
tt1315981,2009,7000000
tt1316616,2011,36000000
tt1318514,2011,93000000
tt1320244,2010,1800000
tt1320253,2010,80000000
tt1320261,2010,112000000
tt1321509,2010,21000000
tt1321511,2013,30000000
tt1321860,2011,21000000
tt1321870,2013,60000000
tt1322312,2010,32000000
tt1323594,2010,69000000
tt1324999,2011,110000000
tt1325004,2010,68000000
tt1327773,2013,30000000
tt1333125,2013,6000000
tt1334260,2010,15000000
tt1334512,2011,40000000
tt1335975,2013,175000000
tt1336608,2012,75000000
tt1336617,2010,7000000
tt1340107,2010,5500000
tt1340138,2015,155000000
tt1341188,2010,120000000
tt1343092,2013,105000000
tt1343727,2012,50000000
tt1345836,2012,250000000
tt1346961,2009,3000000
tt1351685,2013,195000000
tt1352824,2009,14000000
tt1355630,2014,11000000
tt1355644,2016,110000000
tt1355683,2015,53000000
tt1365048,2011,3500000
tt1365519,2018,94000000
tt1366344,2011,25000000
tt1371150,2014,19800000
tt1374989,2016,28000000
tt1375666,2010,160000000
tt1375670,2010,80000000
tt1379222,2009,4300000
tt1385826,2011,50200000
tt1385867,2010,30000000
tt1386588,2010,100000000
tt1386697,2016,175000000
tt1386703,2012,125000000
tt1389072,2017,68000000
tt1389139,2016,10000000
tt1390411,2015,100000000
tt1391137,2010,20000000
tt1392170,2012,78000000
tt1392190,2015,150000000
tt1392197,2010,50000000
tt1392214,2013,46000000
tt1396218,2011,55000000
tt1396484,2017,35000000
tt1397280,2012,45000000
tt1397514,2012,79000000
tt1398426,2015,28000000
tt1399103,2011,195000000
tt1399683,2010,2000000
tt1401152,2011,30000000
tt1403177,2010,7000000
tt1403865,2010,38000000
tt1403981,2010,16000000
tt1405500,2010,21000000
tt1407084,2010,5000000
tt1408101,2013,190000000
tt1408253,2014,25000000
tt1409024,2012,225000000
tt1411238,2011,25000000
tt1411250,2013,38000000
tt1411664,2011,10000000
tt1411697,2011,80000000
tt1411704,2011,63000000
tt1412386,2011,10000000
tt1413495,2013,35000000
tt1414382,2010,20000000
tt1415283,2010,35000000
tt1418377,2014,65000000
tt1421051,2010,7000000
tt1423894,2010,30000000
tt1423995,2010,22000000
tt1424381,2010,40000000
tt1425922,2013,17500000
tt1428538,2013,50000000
tt1430132,2013,120000000
tt1430612,2014,28000000
tt1430615,2012,40000000
tt1430626,2012,55000000
tt1431045,2016,58000000
tt1431181,2010,8000000
tt1433108,2010,24000000
tt1433822,2012,17000000
tt1436562,2011,90000000
tt1438176,2011,30000000
tt1438254,2010,44000000
tt1440129,2012,209000000
tt1440728,2010,20000000
tt1441395,2013,13300000
tt1446192,2012,145000000
tt1446714,2012,130000000
tt1448755,2011,70000000
tt1449283,2011,30000000
tt1454029,2011,25000000
tt1454468,2013,100000000
tt1457767,2013,20000000
tt1458169,2017,21000000
tt1458175,2010,30000000
tt1462041,2011,50000000
tt1462054,2010,3000000
tt1464174,2011,32000000
tt1464540,2011,60000000
tt1469304,2017,69000000
tt1470020,2010,2300000
tt1470023,2010,10000000
tt1470827,2010,500000
tt1473832,2016,35000000
tt1477076,2010,20000000
tt1478338,2011,32500000
tt1478839,2019,18000000
tt1478964,2011,13000000
tt1482459,2012,70000000
tt1483013,2013,120000000
tt1485796,2017,84000000
tt1486185,2011,42000000
tt1486192,2012,26000000
tt1486193,2011,12000000
tt1488555,2011,52000000
tt1489167,2009,30000
tt1489887,2019,6000000
tt1489889,2016,50000000
tt1490017,2014,60000000
tt1496025,2012,70000000
tt1498569,2011,8000000
tt1499658,2011,35000000
tt1502397,2020,90000000
tt1502407,2018,10000000
tt1502712,2015,120000000
tt1504320,2010,15000000
tt1506999,2011,23000000
tt1509767,2011,75000000
tt1512235,2010,2500000
tt1517260,2013,40000000
tt1517451,2018,36000000
tt1517489,2011,27000000
tt1518812,2010,2000000
tt1520498,2012,20000000
tt1521197,2011,30000000
tt1524137,2012,25000000
tt1524930,2015,31000000
tt1528100,2014,140000000
tt1529572,2010,4000000
tt1531663,2010,5000000
tt1532503,2010,3200000
tt1532958,2013,20000000
tt1535108,2013,115000000
tt1535109,2013,55000000
tt1536044,2010,3000000
tt1538403,2013,60000000
tt1540011,2016,5000000
tt1540133,2011,6000000
tt1541995,2011,6000000
tt1542344,2010,18000000
tt1547230,2011,20000000
tt1547234,2012,35000000
tt1549920,2013,45000000
tt1554091,2011,10000000
tt1555064,2010,15000000
tt1559547,2013,60000000
tt1560220,2019,42000000
tt1560985,2012,1000000
tt1562568,2011,2000000
tt1562847,2010,1500000
tt1563738,2011,15000000
tt1563742,2018,12000000
tt1564349,2011,37000000
tt1564367,2011,80000000
tt1564585,2010,10000000
tt1568338,2012,42000000
tt1568346,2011,90000000
tt1568911,2011,66000000
tt1570728,2011,50000000
tt1571234,2018,100000000
tt1578275,2011,70000000
tt1582507,2012,10000000
tt1583420,2011,30000000
tt1583421,2013,130000000
tt1584131,2010,13400000
tt1586265,2012,40000000
tt1586752,2011,30000000
tt1587310,2014,180000000
tt1588173,2013,35000000
tt1591095,2010,1500000
tt1591479,2012,12000000
tt1592525,2012,20000000
tt1596343,2011,125000000
tt1596346,2011,18000000
tt1596350,2012,65000000
tt1596363,2015,28000000
tt1598778,2011,60000000
tt1598822,2011,56000000
tt1598828,2012,40000000
tt1599348,2012,85000000
tt1600195,2011,35000000
tt1600196,2014,12600000
tt1601913,2011,25000000
tt1602620,2012,8900000
tt1604171,2011,8000000
tt1605630,2012,50000000
tt1605782,2011,1500000
tt1605783,2011,17000000
tt1606378,2013,92000000
tt1606389,2012,30000000
tt1611224,2012,69000000
tt1615065,2012,45000000
tt1615147,2011,3500000
tt1615160,2017,35000000
tt1615918,2011,75000000
tt1616195,2011,35000000
tt1617661,2015,176000000
tt1618442,2015,90000000
tt1620935,2016,6000000
tt1620981,2019,24000000
tt1621039,2013,55000000
tt1621045,2012,12000000
tt1622547,2011,28000000
tt1622979,2011,40000000
tt1623205,2013,215000000
tt1623288,2012,60000000
tt1625346,2011,12000000
tt1628841,2016,165000000
tt1629757,2012,20000000
tt1630036,2011,2000000
tt1631867,2014,178000000
tt1632708,2011,35000000
tt1633356,2011,25000000
tt1634106,2020,45000000
tt1634122,2011,45000000
tt1637688,2011,40000000
tt1637706,2011,5000000
tt1637725,2012,50000000
tt1638355,2015,75000000
tt1640484,2011,6600000
tt1645089,2010,2000000
tt1645170,2012,65000000
tt1646971,2014,145000000
tt1646987,2012,150000000
tt1647668,2014,25000000
tt1648190,2017,60000000
tt1650043,2011,21000000
tt1650062,2011,50000000
tt1650554,2013,28000000
tt1653002,2012,5000000
tt1653911,2010,4500000
tt1655442,2011,15000000
tt1657507,2011,40000000
tt1661199,2015,95000000
tt1661382,2013,40000000
tt1663143,2012,14000000
tt1663202,2015,135000000
tt1663662,2013,190000000
tt1666185,2017,40000000
tt1666186,2010,20000000
tt1666801,2015,8500000
tt1667353,2012,85000000
tt1667889,2012,95000000
tt1670345,2013,75000000
tt1673434,2012,120000000
tt1674771,2015,30000000
tt1675192,2011,5000000
tt1677720,2018,175000000
tt1679335,2016,125000000
tt1682180,2013,12000000
tt1684628,2011,1000000
tt1690953,2013,76000000
tt1691917,2013,50000000
tt1694020,2012,40000000
tt1695994,2010,2000000
tt1698641,2014,28000000
tt1699755,2013,15000000
tt1700841,2016,19000000
tt1702439,2013,28000000
tt1702443,2011,13000000
tt1706593,2012,12000000
tt1707386,2012,61000000
tt1711425,2013,13000000
tt1711525,2016,45000000
tt1712170,2012,35000000
tt1714915,2013,7000000
tt1716777,2012,16000000
tt1723121,2013,37000000
tt1727776,2015,15000000
tt1727824,2018,52000000
tt1731141,2013,110000000
tt1731697,2012,1500000
tt1735485,2011,135000
tt1735898,2012,170000000
tt1741273,2015,19500000
tt1742044,2014,40000000
tt1742650,2011,24000000
tt1743720,2011,1800000
tt1748122,2012,16000000
tt1753383,2017,22000000
tt1757806,2010,3000000
tt1758795,2013,1500000
tt1758810,2017,35000000
tt1758830,2012,35000000
tt1762399,2013,80000000
tt1764234,2012,15000000
tt1764651,2012,100000000
tt1772240,2011,5000000
tt1772288,2015,10000000
tt1772341,2012,165000000
tt1778304,2011,5000000
tt1790809,2017,230000000
tt1790864,2014,34000000
tt1790885,2012,40000000
tt1798603,2016,26000000
tt1798684,2015,30000000
tt1798709,2013,23000000
tt1800241,2013,40000000
tt1800246,2014,8000000
tt1800741,2012,33000000
tt1809398,2014,65000000
tt1814621,2013,13000000
tt1815862,2013,130000000
tt1817273,2012,15000000
tt1821549,2013,12000000
tt1821658,2014,42000000
tt1821694,2013,84000000
tt1823664,2014,65000000
tt1823672,2015,49000000
tt1826590,2014,12500000
tt1837703,2013,28000000
tt1837709,2014,60000000
tt1840309,2014,85000000
tt1840417,2012,6000000
tt1843866,2014,170000000
tt1846589,2018,40000000
tt1850457,2015,30000000
tt1853728,2012,100000000
tt1854564,2013,90000000
tt1855199,2012,7000000
tt1855325,2012,65000000
tt1856101,2017,150000000
tt1860213,2016,25000000
tt1860353,2013,135000000
tt1860357,2016,110000000
tt1869425,2012,2000000
tt1872194,2014,50000000
tt1876451,2012,14000000
tt1877832,2014,200000000
tt1878870,2016,9000000
tt1904996,2013,35000000
tt1905041,2013,160000000
tt1907668,2012,31000000
tt1911644,2013,13000000
tt1911658,2014,132000000
tt1915581,2012,7000000
tt1921064,2014,100000000
tt1922612,2011,9000000
tt1922777,2012,3000000
tt1924429,2013,20000000
tt1924435,2014,17000000
tt1929263,2014,12000000
tt1931435,2013,35000000
tt1931533,2012,15000000
tt1935859,2016,110000000
tt1939659,2013,30000000
tt1946502,2019,45000000
tt1950186,2019,97600000
tt1951261,2013,103000000
tt1951264,2013,130000000
tt1951265,2014,125000000
tt1951266,2015,160000000
tt1956620,2014,40000000
tt1959490,2014,125000000
tt1959563,2017,30000000
tt1961175,2017,33000000
tt1964418,2015,190000000
tt1967545,2013,18000000
tt1972591,2017,175000000
tt1972779,2014,26000000
tt1974420,2016,25000000
tt1979320,2013,38000000
tt1979376,2019,200000000
tt1980209,2013,26000000
tt1981115,2013,170000000
tt1981128,2017,120000000
tt1981677,2012,17000000
tt1985949,2016,73000000
tt1985966,2013,78000000
tt1986769,2013,7000000
tt1987680,2017,37500000
tt1995304,2012,750000
tt1999890,2018,5500000
tt2004420,2014,18000000
tt2007993,2011,23000000
tt2011159,2014,13200000
tt2015381,2014,170000000
tt2017020,2013,105000000
tt2023453,2012,22000000
tt2023587,2013,15000000
tt2024432,2013,35000000
tt2024469,2014,50000000
tt2024544,2013,20000000
tt2034139,2013,5000000
tt2034800,2016,150000000
tt2039338,2017,19000000
tt2039393,2014,25000000
tt2052015,2013,600000
tt2058673,2015,105000000
tt2066051,2019,40000000
tt2080374,2015,30000000
tt2083355,2013,17000000
tt2091256,2017,38000000
tt2093269,2012,2750000
tt2094766,2016,125000000
tt2096672,2014,40000000
tt2096673,2015,175000000
tt2097307,2012,2000000
tt2101441,2012,5000000
tt2103254,2014,20000000
tt2103281,2014,170000000
tt2106361,2014,50000000
tt2109184,2012,5000000
tt2109248,2014,210000000
tt2119532,2016,40000000
tt2119543,2018,42000000
tt2120120,2015,88000000
tt2126355,2015,110000000
tt2126357,2018,16000000
tt2139881,2019,40000000
tt2140373,2013,35000000
tt2140379,2015,26000000
tt2140479,2016,44000000
tt2167202,2013,18000000
tt2170439,2014,42000000
tt2172934,2014,28000000
tt2172935,2013,18000000
tt2177771,2014,70000000
tt2179136,2014,58800000
tt2180411,2014,50000000
tt2183034,2014,13000000
tt2184339,2013,3000000
tt2191701,2013,80000000
tt2193215,2013,25000000
tt2199571,2015,50000000
tt2203939,2014,40000000
tt2206498,2012,100000
tt2209764,2014,100000000
tt2215285,2012,20000000
tt2215719,2012,12000000
tt2224026,2015,135000000
tt2226417,2013,5000000
tt2226597,2017,35000000
tt2229499,2013,3000000
tt2231461,2018,120000000
tt2234155,2013,58000000
tt2239822,2017,177200000
tt2239832,2014,24000000
tt2241351,2016,27000000
tt2243537,2013,2500000
tt2245084,2014,165000000
tt2247476,2014,15000000
tt2250912,2017,175000000
tt2262227,2014,50000000
tt2267968,2016,145000000
tt2267998,2014,61000000
tt2268016,2015,14800000
tt2274648,2019,50000000
tt2276023,2013,65000
tt2278388,2014,25000000
tt2279339,2015,17000000
tt2279373,2015,74000000
tt2281587,2014,50000000
tt2283336,2019,110000000
tt2283362,2017,90000000
tt2293640,2015,74000000
tt2294449,2014,50000000
tt2294629,2013,150000000
tt2296777,2018,59000000
tt2302755,2013,70000000
tt2304933,2016,38000000
tt2309260,2015,100000
tt2312718,2013,22000000
tt2316204,2017,97000000
tt2318092,2014,20000000
tt2322441,2015,40000000
tt2334871,2017,42000000
tt2334879,2013,150000000
tt2345737,2014,12000000
tt2345759,2017,125000000
tt2357129,2013,12000000
tt2357291,2014,103000000
tt2358925,2015,35000000
tt2361509,2015,35000000
tt2364841,2013,30000000
tt2364897,2016,15000000
tt2369135,2014,66000000
tt2377322,2014,30000000
tt2379713,2015,245000000
tt2381249,2015,150000000
tt2381941,2015,50100000
tt2381991,2016,115000000
tt2382420,2012,150000
tt2386490,2019,129000000
tt2386502,2014,500000
tt2387433,2013,3500000
tt2387499,2016,40000000
tt2387559,2013,26000000
tt2388715,2013,5000000
tt2395427,2015,250000000
tt2398241,2017,60000000
tt2401878,2015,8000000
tt2403021,2013,5000000
tt2404233,2016,140000000
tt2404311,2013,30000000
tt2404425,2015,11000000
tt2404435,2016,90000000
tt2404463,2013,43000000
tt2406566,2017,30000000
tt2431286,2013,12000000
tt2436386,2015,12000000
tt2446042,2014,48000000
tt2446980,2015,60000000
tt2452042,2015,99000000
tt2452244,2019,31000000
tt2467046,2014,16000000
tt2473510,2015,10000000
tt2473682,2014,5000000
tt2488496,2015,245000000
tt2503944,2015,20000000
tt2510894,2015,80000000
tt2515034,2015,40000000
tt2515086,2013,10000000
tt2527336,2017,317000000
tt2527338,2019,275000000
tt2528814,2014,2000000
tt2531344,2018,21000000
tt2543164,2016,47000000
tt2547584,2016,20000000
tt2554274,2015,55000000
tt2555736,2015,10000000
tt2557478,2018,150000000
tt2557490,2014,40000000
tt2561572,2015,40000000
tt2562232,2014,18000000
tt2567026,2016,170000000
tt2568862,2017,25000000
tt2582496,2015,8000000
tt2582782,2016,12000000
tt2582802,2014,3300000
tt2582846,2014,12000000
tt2584384,2019,14000000
tt2592614,2016,40000000
tt2637276,2015,68000000
tt2637294,2015,14000000
tt2638144,2016,100000000
tt2660888,2016,185000000
tt2671706,2016,24000000
tt2673854,2013,2000
tt2674426,2016,20000000
tt2679042,2015,35000000
tt2692250,2014,127000000
tt2702724,2016,29000000
tt2704998,2018,37000000
tt2709692,2018,75000000
tt2709768,2016,75000000
tt2713180,2014,68000000
tt2717822,2015,70000000
tt2719848,2015,55000000
tt2726560,2015,34000000
tt2752758,2014,7000000
tt2752772,2015,10000000
tt2763304,2017,18000000
tt2771200,2017,160000000
tt2771372,2014,6000000
tt2776878,2017,20000000
tt2788732,2016,65000000
tt2798920,2018,40000000
tt2802144,2014,81000000
tt2820852,2015,190000000
tt2823054,2016,33000000
tt2828996,2014,4000000
tt2848292,2015,29000000
tt2854926,2018,28000000
tt2869728,2016,40000000
tt2872718,2014,8500000
tt2872732,2014,40000000
tt2873282,2018,69000000
tt2883434,2014,9000000
tt2891174,2014,8000000
tt2908446,2015,110000000
tt2911666,2014,20000000
tt2918436,2015,3300000
tt2932536,2017,5300000
tt2935510,2019,90000000
tt2937898,2014,20000000
tt2967224,2015,35000000
tt2975578,2014,9000000
tt2975590,2016,250000000
tt2978462,2014,36000000
tt2980516,2014,15000000
tt2980648,2014,22000000
tt2980706,2014,50000000
tt2994190,2014,1000000
tt3007512,2014,22500000
tt3014666,2014,5000000
tt3040964,2016,175000000
tt3045616,2015,60000000
tt3062096,2016,75000000
tt3063516,2013,15000000
tt3065204,2016,40000000
tt3076658,2015,35000000
tt3079380,2015,65000000
tt3104988,2018,30000000
tt3125324,2014,7000000
tt3152624,2015,35000000
tt3165608,2013,5000000
tt3181822,2015,4000000
tt3183660,2016,180000000
tt3195644,2015,10000000
tt3216348,2016,5000000
tt3224458,2019,25000000
tt3231054,2016,20000000
tt3263904,2016,60000000
tt3276924,2015,8900000
tt3281548,2019,40000000
tt3289724,2018,39000000
tt3300542,2016,60000000
tt3315342,2017,97000000
tt3316948,2015,28000000
tt3316960,2014,5000000
tt3322364,2015,35000000
tt3322940,2014,6500000
tt3332064,2015,150000000
tt3348730,2017,10000000
tt3352390,2016,9900000
tt3369806,2015,20000000
tt3371366,2017,217000000
tt3385516,2016,178000000
tt3387520,2019,25000000
tt3387542,2016,10000000
tt3393786,2016,60000000
tt3397884,2015,30000000
tt3402236,2017,55000000
tt3411444,2017,111000000
tt3416828,2016,105000000
tt3450650,2015,30000000
tt3450958,2017,150000000
tt3460252,2015,44000000
tt3462710,2017,12000000
tt3469046,2017,80000000
tt3470600,2016,75000000
tt3486626,2017,40000000
tt3488710,2015,35000000
tt3495026,2016,15670000
tt3498820,2016,250000000
tt3501632,2017,180000000
tt3513498,2019,99000000
tt3513548,2019,45000000
tt3530002,2015,25000000
tt3531824,2016,19000000
tt3532216,2017,50000000
tt3553442,2016,35000000
tt3564472,2017,19000000
tt3567288,2015,5000000
tt3612126,2020,10000000
tt3614530,2015,5000000
tt3622592,2015,12000000
tt3623726,2015,18000000
tt3631112,2016,45000000
tt3640424,2016,85000000
tt3659388,2015,108000000
tt3682448,2015,40000000
tt3691740,2016,140000000
tt3702088,2017,2500000
tt3707106,2015,10000000
tt3713166,2014,1000000
tt3717252,2016,35000000
tt3717490,2017,100000000
tt3731562,2017,185000000
tt3741700,2019,170000000
tt3741834,2016,12000000
tt3748528,2016,200000000
tt3766354,2018,62000000
tt3774114,2016,40000000
tt3774694,2015,3000000
tt3778644,2018,275000000
tt3783958,2016,30000000
tt3794354,2020,85000000
tt3799694,2016,50000000
tt3829266,2018,88000000
tt3829920,2017,38000000
tt3832914,2015,3000000
tt3850214,2015,7000000
tt3850590,2015,15000000
tt3861390,2019,170000000
tt3862750,2015,12000000
tt3864056,2019,45000000
tt3882082,2016,10000000
tt3890160,2017,34000000
tt3896198,2017,200000000
tt3922818,2017,30000000
tt3949660,2016,135000000
tt4030600,2017,7400000
tt4034228,2016,9000000
tt4046784,2015,61000000
tt4052882,2016,17000000
tt4073790,2018,34000000
tt4094724,2016,10000000
tt4103724,2018,3500000
tt4116284,2017,80000000
tt4123430,2018,200000000
tt4126476,2019,14000000
tt4131800,2017,6500000
tt4136084,2016,29000000
tt4139124,2016,15000000
tt4150494,2015,1100000
tt4154664,2019,160000000
tt4154796,2019,356000000
tt4160708,2016,9900000
tt4172430,2016,50000000
tt4178092,2015,5000000
tt4196450,2016,8500000
tt4196776,2016,120000000
tt4217392,2017,65000000
tt4218572,2018,42000000
tt4244998,2018,51000000
tt4257926,2016,13000000
tt4263482,2015,4000000
tt4270516,2015,600000
tt4276752,2015,37000000
tt4287320,2017,18000000
tt4302938,2016,60000000
tt4337690,2015,5000000
tt4341582,2016,15000000
tt4361050,2016,9000000
tt4364194,2019,6200000
tt4383594,2016,30000000
tt4463894,2019,35000000
tt4465564,2017,55000000
tt4477536,2018,55000000
tt4481414,2017,7000000
tt4481514,2017,40000000
tt4486986,2016,30000000
tt4500922,2018,62000000
tt4501244,2016,38000000
tt4504044,2019,6000000
tt4520364,2016,8000000
tt4520988,2019,150000000
tt4530422,2018,38000000
tt4532826,2018,100000000
tt4537896,2018,29000000
tt4560436,2018,50000000
tt4572514,2016,45000000
tt4573516,2016,250000
tt4575576,2018,75000000
tt4587656,2017,20000000
tt4624424,2016,70000000
tt4630562,2017,250000000
tt4633694,2018,90000000
tt4643580,2015,5300000
tt4648786,2019,17000000
tt4649416,2016,17000000
tt4649466,2017,104000000
tt4651520,2016,20000000
tt4663548,2017,2000000
tt4669186,2016,9900000
tt4682786,2016,36000000
tt4701182,2018,135000000
tt4731136,2016,40000000
tt4761916,2018,1000000
tt4765284,2017,45000000
tt4776998,2016,90000000
tt4777008,2019,185000000
tt4779682,2018,130000000
tt4786282,2016,4900000
tt4799050,2017,20000000
tt4807408,2019,10000000
tt4824302,2016,25000000
tt4832640,2016,13430000
tt4846340,2016,25000000
tt4847546,2016,1200000
tt4877122,2017,50000000
tt4881806,2018,170000000
tt4912910,2018,178000000
tt4913966,2019,9000000
tt4916630,2019,25000000
tt4972582,2016,9000000
tt4975722,2016,4000000
tt4981636,2016,8500000
tt5001718,2017,10000000
tt5013056,2017,100000000
tt5028340,2018,130000000
tt5033998,2019,48000000
tt5052448,2017,4500000
tt5052474,2018,35000000
tt5109784,2017,30000000
tt5113040,2019,80000000
tt5117670,2018,50000000
tt5140878,2017,15000000
tt5164214,2018,70000000
tt5164432,2018,17000000
tt5177088,2018,43000000
tt5208252,2018,24000000
tt5220122,2018,80000000
tt5301662,2017,12000000
tt5308322,2017,4800000
tt5322012,2017,12000000
tt5325452,2016,20000000
tt5360952,2018,35000000
tt5362988,2017,11000000
tt5390504,2017,34000000
tt5439796,2017,29000000
tt5442430,2017,58000000
tt5463162,2018,110000000
tt5503686,2019,20000000
tt5523010,2018,120000000
tt5563334,2019,10000000
tt5580266,2018,23000000
tt5606664,2019,45000000
tt5657846,2017,69000000
tt5664636,2018,35000000
tt5668770,2019,2800000
tt5690360,2018,10000000
tt5697572,2019,95000000
tt5719700,2017,12000000
tt5719748,2019,60000000
tt5721088,2017,22000000
tt5726086,2018,10000000
tt5727208,2019,19000000
tt5734576,2018,7700000
tt5758778,2018,125000000
tt5814060,2018,22000000
tt5814534,2019,100000000
tt5822564,2019,38000000
tt5848272,2018,175000000
tt5884052,2019,150000000
tt5886046,2019,9000000
tt5941692,2019,15000000
tt5956100,2017,20470000
tt6000478,2017,22000000
tt6003368,2017,22000000
tt6095472,2019,65000000
tt6105098,2019,260000000
tt6133466,2018,13000000
tt6139732,2019,183000000
tt6146586,2019,75000000
tt6189022,2019,40000000
tt6217804,2017,25000000
tt6265828,2017,100000
tt6294822,2017,50000000
tt6306064,2018,35000000
tt6320628,2019,160000000
tt6322922,2017,1000000
tt6324278,2019,75000000
tt6343314,2018,50000000
tt6359956,2017,28000000
tt6394270,2019,32000000
tt6398184,2019,13000000
tt6421110,2018,14000000
tt6428676,2019,90000000
tt6450186,2018,7000000
tt6450804,2019,185000000
tt6472976,2019,7000000
tt6495770,2018,19000000
tt6513120,2019,11000000
tt6565702,2019,200000000
tt6574272,2017,2800000
tt6628394,2018,32000000
tt6644200,2018,17000000
tt6663582,2018,40000000
tt6673612,2020,175000000
tt6690310,2017,23000000
tt6722030,2019,8000000
tt6751668,2019,11400000
tt6772950,2018,3500000
tt6781982,2018,29000000
tt6791096,2018,32000000
tt6802308,2018,30000000
tt6803212,2019,5000000
tt6806448,2019,200000000
tt6823368,2019,20000000
tt6850820,2018,25000000
tt6857112,2019,20000000
tt6911608,2018,75000000
tt6921996,2018,25000000
tt6924650,2019,100000000
tt6966692,2018,23000000
tt7026672,2018,4900000
tt7040874,2018,20000000
tt7054636,2019,20000000
tt7083526,2019,14000000
tt7131622,2019,90000000
tt7131870,2017,30100000
tt7137846,2018,6000000
tt7286456,2019,55000000
tt7329656,2019,12000000
tt7343762,2019,20000000
tt7349662,2018,15000000
tt7349950,2019,79000000
tt7388562,2018,5000000
tt7390646,2019,12000000
tt7401588,2018,48000000
tt7424200,2018,10000000
tt7430722,2019,21000000
tt7504726,2020,135000000
tt7510346,2020,14000000
tt7545266,2020,29000000
tt7547410,2019,49000000
tt7551014,2019,49000000
tt7616798,2019,18000000
tt7634968,2019,20000000
tt7690670,2018,16000000
tt7713068,2020,84500000
tt7734218,2019,16000000
tt7752126,2019,6000000
tt7798634,2019,6000000
tt7798646,2020,16000000
tt7958736,2019,5000000
tt7959026,2018,50000000
tt7961060,2018,8500000
tt7975244,2019,125000000
tt8079248,2019,26000000
tt8085790,2019,20000000
tt8097306,2018,19000000
tt8155288,2019,9000000
tt8186318,2019,5000000
tt8244784,2020,14000000
tt8350360,2019,30000000
tt8364368,2019,13500000
tt8385474,2019,16000000
tt8564902,2018,6000000
tt8579674,2019,95000000
tt8623904,2019,25000000
tt8663516,2019,10000000
tt8688634,2019,33000000
tt8722346,2019,18000000
tt8772262,2019,9000000
tt8946378,2019,40000000
tt9024106,2019,6000000
tt9134216,2019,29900000
tt9173418,2020,10000000
